year,avg_lbw_black_white_gap,avg_lbw_hispanic_white_gap,avg_tbr_black_white_gap,avg_tbr_hispanic_white_gap,avg_poverty_black_white_gap,avg_poverty_hispanic_white_gap,counties_lbw,counties_tbr,counties_poverty
2018,7.482758620689655,-1,4.766666666666667,23.944444444444443,26.64516129032258,22.4,58,60,62
2019,7.5964912280701755,-0.6666666666666666,3.559322033898305,18.264705882352942,25.723076923076924,21.03846153846154,57,59,65
2020,7.396551724137931,-0.36666666666666664,3.2542372881355934,20.483870967741936,25.75,23.68,58,59,64
2021,7.701754385964913,-0.4838709677419355,3.603448275862069,21.12121212121212,25.84375,25.346938775510203,57,58,64
2022,7.982456140350878,-0.5625,3.7758620689655173,24.714285714285715,25.171875,24.6,57,58,64
2023,7.982456140350878,-0.5625,3.7758620689655173,24.714285714285715,26.936507936507937,21.085106382978722,57,58,63
2024,8.24561403508772,-0.5454545454545454,5.339285714285714,30.257142857142856,27.612903225806452,23.836734693877553,57,56,62
