year,avg_lbw,avg_tbr,avg_child_poverty,lbw_black_white_gap,tbr_black_white_gap,poverty_black_white_gap,lbw_hispanic_white_gap,tbr_hispanic_white_gap,poverty_hispanic_white_gap,counties_with_lbw_data,counties_with_tbr_data,counties_with_poverty_data
2018,0.10567164179104477,40.47761194029851,0.3023880597014925,0.07482758620689654,4.766666666666667,0.2664516129032258,-0.01,23.944444444444443,0.22399999999999998,1,1,1
2019,0.10522388059701493,37.940298507462686,0.2917910447761194,0.07596491228070175,3.559322033898305,0.25723076923076926,-0.006666666666666666,18.264705882352942,0.2103846153846154,1,1,1
2020,0.10597014925373134,35.46268656716418,0.29313432835820896,0.0739655172413793,3.2542372881355934,0.2575,-0.0036666666666666666,20.483870967741936,0.2368,1,1,1
2021,0.10656716417910447,33.40298507462686,0.26552238805970146,0.07701754385964912,3.603448275862069,0.2584375,-0.004838709677419355,21.12121212121212,0.253469387755102,1,1,1
2022,0.10791044776119403,31.955223880597014,0.2529850746268657,0.07982456140350877,3.7758620689655173,0.25171875,-0.005625,24.714285714285715,0.24600000000000002,1,1,1
2023,0.10791044776119403,31.955223880597014,0.2798507462686567,0.07982456140350877,3.7758620689655173,0.26936507936507936,-0.005625,24.714285714285715,0.21085106382978722,1,1,1
2024,0.10686567164179105,29.686567164179106,0.27373134328358206,0.08245614035087719,5.339285714285714,0.2761290322580645,-0.005454545454545454,30.257142857142856,0.23836734693877554,1,1,1
